<monitor>
    <name>FRB-SQLMonitor</name>
    <type>managed</type>
    <enabled>true</enabled>
    <description>Run's queries and monitor their return values</description>
    <monitor-configuration></monitor-configuration>
    <monitor-run-task>
        <execution-style>periodic</execution-style>
        <execution-frequency-in-seconds>55</execution-frequency-in-seconds>
        <name>FRB SQLMonitor Task</name>
        <display-name>FRB SQLMonitor Task</display-name>
        <description>FRB SQLMonitor Task</description>
        <type>java</type>
        <execution-timeout-in-seconds>120</execution-timeout-in-seconds>
        <task-arguments>
            <!-- config file-->
            <argument name="config-file" is-required="true" default-value="monitors/FRB-SQLMonitor/config.yml"     />
        </task-arguments>
        <java-task>
             <classpath>frb-sql-monitoring-extension.jar;mssql-jdbc-6.2.1.jre7.jar</classpath>
             <impl-class>com.appdynamics.extensions.sql.SQLMonitor</impl-class>
        </java-task>
    </monitor-run-task>
    
</monitor>
